{
    "GameCount": 2, 
    "OppTeaminfo": [
        {
            "AvgPoint": 2.0, 
            "Point": 4, 
            "name": "IT", 
            "AvgGoal": 2.0, 
            "Goal": 4
        }
    ], 
    "OurTeaminfo": [
        {
            "ExpWinrate": 0.0, 
            "AvgPoint": 0.5, 
            "WinRate": 0.0, 
            "name": "KN2C", 
            "LostCount": 1, 
            "Point": 1, 
            "DrawCount": 1, 
            "WinCount": 0, 
            "AvgGoal": 1.5, 
            "Goal": 3
        }
    ], 
    "formation_name": "YuS19Norm"
}