{
    "GameCount": 2, 
    "OppTeaminfo": [
        {
            "AvgPoint": 1.5, 
            "Point": 3, 
            "name": "IT", 
            "AvgGoal": 1.0, 
            "Goal": 2
        }
    ], 
    "OurTeaminfo": [
        {
            "ExpWinrate": 50.0, 
            "AvgPoint": 1.5, 
            "WinRate": 50.0, 
            "name": "KN2C", 
            "LostCount": 1, 
            "Point": 3, 
            "DrawCount": 0, 
            "WinCount": 1, 
            "AvgGoal": 3.5, 
            "Goal": 7
        }
    ], 
    "formation_name": "Fract19T15"
}