{
    "GameCount": 2, 
    "OppTeaminfo": [
        {
            "AvgPoint": 0.0, 
            "Point": 0, 
            "name": "IT", 
            "AvgGoal": 1.0, 
            "Goal": 2
        }
    ], 
    "OurTeaminfo": [
        {
            "ExpWinrate": 100.0, 
            "AvgPoint": 3.0, 
            "WinRate": 100.0, 
            "name": "KN2C", 
            "LostCount": 0, 
            "Point": 6, 
            "DrawCount": 0, 
            "WinCount": 2, 
            "AvgGoal": 3.0, 
            "Goal": 6
        }
    ], 
    "formation_name": "Fract19X62"
}