{
    "GameCount": 2, 
    "OppTeaminfo": [
        {
            "AvgPoint": 3.0, 
            "Point": 6, 
            "name": "IT", 
            "AvgGoal": 2.5, 
            "Goal": 5
        }
    ], 
    "OurTeaminfo": [
        {
            "ExpWinrate": 0.0, 
            "AvgPoint": 0.0, 
            "WinRate": 0.0, 
            "name": "KN2C", 
            "LostCount": 2, 
            "Point": 0, 
            "DrawCount": 0, 
            "WinCount": 0, 
            "AvgGoal": 0.0, 
            "Goal": 0
        }
    ], 
    "formation_name": "YuS19Bus550"
}