{
    "GameCount": 2, 
    "OppTeaminfo": [
        {
            "AvgPoint": 3.0, 
            "Point": 6, 
            "name": "IT", 
            "AvgGoal": 1.5, 
            "Goal": 3
        }
    ], 
    "OurTeaminfo": [
        {
            "ExpWinrate": 0.0, 
            "AvgPoint": 0.0, 
            "WinRate": 0.0, 
            "name": "KN2C", 
            "LostCount": 2, 
            "Point": 0, 
            "DrawCount": 0, 
            "WinCount": 0, 
            "AvgGoal": 0.5, 
            "Goal": 1
        }
    ], 
    "formation_name": "Fract19X180"
}