{
    "GameCount": 4, 
    "OppTeaminfo": [
        {
            "AvgPoint": 0.0, 
            "Point": 0, 
            "name": "IT", 
            "AvgGoal": 2.0, 
            "Goal": 8
        }
    ], 
    "OurTeaminfo": [
        {
            "ExpWinrate": 100.0, 
            "AvgPoint": 3.0, 
            "WinRate": 100.0, 
            "name": "KN2C", 
            "LostCount": 0, 
            "Point": 12, 
            "DrawCount": 0, 
            "WinCount": 4, 
            "AvgGoal": 3.0, 
            "Goal": 12
        }
    ], 
    "formation_name": "Miracle"
}