{
    "GameCount": 2, 
    "OppTeaminfo": [
        {
            "AvgPoint": 0.5, 
            "Point": 1, 
            "name": "IT", 
            "AvgGoal": 1.0, 
            "Goal": 2
        }
    ], 
    "OurTeaminfo": [
        {
            "ExpWinrate": 100.0, 
            "AvgPoint": 2.0, 
            "WinRate": 50.0, 
            "name": "KN2C", 
            "LostCount": 0, 
            "Point": 4, 
            "DrawCount": 1, 
            "WinCount": 1, 
            "AvgGoal": 2.0, 
            "Goal": 4
        }
    ], 
    "formation_name": "YuS19w442"
}