{
    "GameCount": 50, 
    "OppTeaminfo": [
        {
            "AvgPoint": 1.0, 
            "Point": 50, 
            "name": "razi", 
            "AvgGoal": 0.0, 
            "Goal": 0
        }
    ], 
    "OurTeaminfo": [
        {
            "ExpWinrate": 100.0, 
            "AvgPoint": 1.0, 
            "WinRate": 0.0, 
            "name": "KN2C", 
            "LostCount": 0, 
            "Point": 50, 
            "DrawCount": 50, 
            "WinCount": 0, 
            "AvgGoal": 0.0, 
            "Goal": 0
        }
    ], 
    "formation_name": "Fract19X180"
}