{
    "GameCount": 191, 
    "OppTeaminfo": [
        {
            "AvgPoint": 2.612565445026178, 
            "Goal": 627, 
            "AvgGoal": 3.282722513089005, 
            "Point": 499
        }
    ], 
    "OurTeaminfo": [
        {
            "AvgPoint": 0.2879581151832461, 
            "WinRate": 6.282722513089005, 
            "Goal": 179, 
            "LostCount": 160, 
            "Point": 55, 
            "DrawCount": 19, 
            "WinCount": 12, 
            "AvgGoal": 0.93717277486911, 
            "ExpWinrate": 6.976744186046512
        }
    ]
}