{
    "GameCount": 196, 
    "OppTeaminfo": [
        {
            "AvgPoint": 2.5408163265306123, 
            "Goal": 644, 
            "AvgGoal": 3.2857142857142856, 
            "Point": 498
        }
    ], 
    "OurTeaminfo": [
        {
            "AvgPoint": 0.336734693877551, 
            "WinRate": 7.142857142857142, 
            "Goal": 208, 
            "LostCount": 158, 
            "Point": 66, 
            "DrawCount": 24, 
            "WinCount": 14, 
            "AvgGoal": 1.0612244897959184, 
            "ExpWinrate": 8.139534883720929
        }
    ]
}