{
    "GameCount": 193, 
    "OppTeaminfo": [
        {
            "AvgPoint": 2.66839378238342, 
            "Goal": 634, 
            "AvgGoal": 3.284974093264249, 
            "Point": 515
        }
    ], 
    "OurTeaminfo": [
        {
            "AvgPoint": 0.24352331606217617, 
            "WinRate": 5.181347150259067, 
            "Goal": 173, 
            "LostCount": 166, 
            "Point": 47, 
            "DrawCount": 17, 
            "WinCount": 10, 
            "AvgGoal": 0.8963730569948186, 
            "ExpWinrate": 5.6818181818181825
        }
    ]
}