{
    "GameCount": 190, 
    "OppTeaminfo": [
        {
            "AvgPoint": 2.642105263157895, 
            "Goal": 647, 
            "AvgGoal": 3.405263157894737, 
            "Point": 502
        }
    ], 
    "OurTeaminfo": [
        {
            "AvgPoint": 0.2736842105263158, 
            "WinRate": 6.315789473684211, 
            "Goal": 156, 
            "LostCount": 162, 
            "Point": 52, 
            "DrawCount": 16, 
            "WinCount": 12, 
            "AvgGoal": 0.8210526315789474, 
            "ExpWinrate": 6.896551724137931
        }
    ]
}