{
    "GameCount": 191, 
    "OppTeaminfo": [
        {
            "AvgPoint": 2.717277486910995, 
            "Goal": 681, 
            "AvgGoal": 3.5654450261780104, 
            "Point": 519
        }
    ], 
    "OurTeaminfo": [
        {
            "AvgPoint": 0.18848167539267016, 
            "WinRate": 3.1413612565445024, 
            "Goal": 180, 
            "LostCount": 167, 
            "Point": 36, 
            "DrawCount": 18, 
            "WinCount": 6, 
            "AvgGoal": 0.9424083769633508, 
            "ExpWinrate": 3.4682080924855487
        }
    ]
}