{
    "GameCount": 180, 
    "OppTeaminfo": [
        {
            "AvgPoint": 2.533333333333333, 
            "Goal": 568, 
            "AvgGoal": 3.1555555555555554, 
            "Point": 456
        }
    ], 
    "OurTeaminfo": [
        {
            "AvgPoint": 0.3333333333333333, 
            "WinRate": 6.666666666666667, 
            "Goal": 171, 
            "LostCount": 144, 
            "Point": 60, 
            "DrawCount": 24, 
            "WinCount": 12, 
            "AvgGoal": 0.95, 
            "ExpWinrate": 7.692307692307692
        }
    ]
}