{
    "GameCount": 161, 
    "OppTeaminfo": [
        {
            "AvgPoint": 2.639751552795031, 
            "Goal": 512, 
            "AvgGoal": 3.1801242236024843, 
            "Point": 425
        }
    ], 
    "OurTeaminfo": [
        {
            "AvgPoint": 0.2732919254658385, 
            "WinRate": 6.211180124223603, 
            "Goal": 136, 
            "LostCount": 137, 
            "Point": 44, 
            "DrawCount": 14, 
            "WinCount": 10, 
            "AvgGoal": 0.84472049689441, 
            "ExpWinrate": 6.802721088435374
        }
    ]
}